{
  "Ahmedabad": {
    "Lat": 23.0219444444444,
    "Long": 72.5797222222222
  },
  "Akola": {
    "Lat": 20.733333333333,
    "Long": 77.0
  },
  "Amritsar": {
    "Lat": 31.626917,
    "Long": 74.87704
  },
  "Aurangabad": {
    "Lat": 19.901054,
    "Long": 75.352478
  },
  "Barmer": {
    "Lat": 25.7444444444444,
    "Long": 71.3972222222222
  },
  "Belgaum": {
    "Lat": 15.8569444444444,
    "Long": 74.5044444444444
  },
  "Bengaluru": {
    "Lat": 12.9791198,
    "Long": 77.5912997
  },
  "Bhagalpur": {
    "Lat": 25.25,
    "Long": 87.016666666667
  },
  "Bhopal": {
    "Lat": 23.25,
    "Long": 77.416666666667
  },
  "Bhubaneswar": {
    "Lat": 20.264444444444,
    "Long": 85.828055555556
  },
  "Bikaner": {
    "Lat": 28.018055555556,
    "Long": 73.316944444444
  },
  "Chennai": {
    "Lat": 13.0825,
    "Long": 80.275
  },
  "Chitradurga": {
    "Lat": 14.233333333333,
    "Long": 76.4
  },
  "Dehradun": {
    "Lat": 30.318,
    "Long": 78.029
  },
  "Dibrugarh": {
    "Lat": 27.4833333333333,
    "Long": 94.9
  },
  "Gorakhpur": {
    "Lat": 26.7611111111111,
    "Long": 83.3666666666667
  },
  "Guwahati": {
    "Lat": 26.1722222222222,
    "Long": 91.7458333333333
  },
  "Gwalior": {
    "Lat": 26.215,
    "Long": 78.193055555556
  },
  "Hisar": {
    "Lat": 29.148888888889,
    "Long": 75.736666666667
  },
  "Hyderabad": {
    "Lat": 17.3616666666667,
    "Long": 78.4747222222222
  },
  "Imphal": {
    "Lat": 24.82,
    "Long": 93.95
  },
  "Indore": {
    "Lat": 22.720555555556,
    "Long": 75.847222222222
  },
  "Jabalpur": {
    "Lat": 23.166666666667,
    "Long": 79.933333333333
  },
  "Jagdalpur": {
    "Lat": 19.07,
    "Long": 82.03
  },
  "Jaipur": {
    "Lat": 26.916666666667,
    "Long": 75.866666666667
  },
  "Jaisalmer": {
    "Lat": 26.916666666667,
    "Long": 70.916666666667
  },
  "Jamnagar": {
    "Lat": 22.47,
    "Long": 70.07
  },
  "Jodhpur": {
    "Lat": 26.2944444444444,
    "Long": 73.0277777777778
  },
  "Jorhat": {
    "Lat": 26.75751,
    "Long": 94.20306
  },
  "Kolkata": {
    "Lat": 22.5726723,
    "Long": 88.3638815
  },
  "Kota": {
    "Lat": 25.18,
    "Long": 75.83
  },
  "Kurnool": {
    "Lat": 15.822222222222,
    "Long": 78.035
  },
  "Lucknow": {
    "Lat": 26.847,
    "Long": 80.947
  },
  "Mangalore": {
    "Lat": 12.8680555555556,
    "Long": 74.8425
  },
  "Mumbai": {
    "Lat": 19.0758333333333,
    "Long": 72.8775
  },
  "Nagpur": {
    "Lat": 21.1497222222222,
    "Long": 79.0805555555555
  },
  "Nellore": {
    "Lat": 14.433333333333,
    "Long": 79.966666666667
  },
  "New Delhi": {
    "Lat": 28.6138954,
    "Long": 77.2090057
  },
  "Panaji": {
    "Lat": 15.48,
    "Long": 73.83
  },
  "Patna": {
    "Lat": 25.61,
    "Long": 85.141388888889
  },
  "Prayagraj": {
    "Lat": 25.45,
    "Long": 81.85
  },
  "Pune": {
    "Lat": 18.519574,
    "Long": 73.855287
  },
  "Raipur": {
    "Lat": 21.2379468,
    "Long": 81.6336833
  },
  "Rajkot": {
    "Lat": 22.296908333333,
    "Long": 70.798363888889
  },
  "Ramagundam": {
    "Lat": 18.8,
    "Long": 79.45
  },
  "Ranchi": {
    "Lat": 23.355555555556,
    "Long": 85.334722222222
  },
  "Ratnagiri": {
    "Lat": 16.983333333333,
    "Long": 73.3
  },
  "Raxaul": {
    "Lat": 26.9833,
    "Long": 84.85
  },
  "Shillong": {
    "Lat": 25.574444444444,
    "Long": 91.878888888889
  },
  "Solapur": {
    "Lat": 17.67152,
    "Long": 75.91044
  },
  "Sundar Nagar": {
    "Lat": 31.53,
    "Long": 76.88
  },
  "Surat": {
    "Lat": 21.205,
    "Long": 72.84
  },
  "Tezpur": {
    "Lat": 26.62,
    "Long": 92.79
  },
  "Thiruvananthapuram": {
    "Lat": 8.4875,
    "Long": 76.9525
  },
  "Tiruchirappalli": {
    "Lat": 10.826944444444,
    "Long": 78.692777777778
  },
  "Veraval": {
    "Lat": 20.9,
    "Long": 70.37
  },
  "Visakhapatnam": {
    "Lat": 17.7333333333333,
    "Long": 83.3166666666667
  }
}