{
  "Ahmedabad": {
    "x": 141,
    "y": 280,
    "Lat": 23.0219444444444,
    "Long": 72.5797222222222
  },
  "Akola": {
    "x": 215,
    "y": 348,
    "Lat": 20.733333333333,
    "Long": 77.0
  },
  "Amritsar": {
    "x": 144,
    "y": 104,
    "Lat": 31.626917,
    "Long": 74.87704
  },
  "Aurangabad": {
    "x": 194,
    "y": 359,
    "Lat": 19.901054,
    "Long": 75.352478
  },
  "Barmer": {
    "x": 114,
    "y": 217,
    "Lat": 25.7444444444444,
    "Long": 71.3972222222222
  },
  "Belgaum": {
    "x": 196,
    "y": 443,
    "Lat": 15.8569444444444,
    "Long": 74.5044444444444
  },
  "Bengaluru": {
    "x": 252,
    "y": 518,
    "Lat": 12.9791198,
    "Long": 77.5912997
  },
  "Bhagalpur": {
    "x": 346,
    "y": 293,
    "Lat": 25.25,
    "Long": 87.016666666667
  },
  "Bhopal": {
    "x": 212,
    "y": 296,
    "Lat": 23.25,
    "Long": 77.416666666667
  },
  "Bhubaneswar": {
    "x": 347,
    "y": 396,
    "Lat": 20.264444444444,
    "Long": 85.828055555556
  },
  "Bikaner": {
    "x": 134,
    "y": 176,
    "Lat": 28.018055555556,
    "Long": 73.316944444444
  },
  "Chennai": {
    "x": 291,
    "y": 527,
    "Lat": 13.0825,
    "Long": 80.275
  },
  "Chitradurga": {
    "x": 230,
    "y": 486,
    "Lat": 14.233333333333,
    "Long": 76.4
  },
  "Dehradun": {
    "x": 195,
    "y": 146,
    "Lat": 30.318,
    "Long": 78.029
  },
  "Dibrugarh": {
    "x": 455,
    "y": 279,
    "Lat": 27.4833333333333,
    "Long": 94.9
  },
  "Gorakhpur": {
    "x": 287,
    "y": 245,
    "Lat": 26.7611111111111,
    "Long": 83.3666666666667
  },
  "Guwahati": {
    "x": 413,
    "y": 294,
    "Lat": 26.1722222222222,
    "Long": 91.7458333333333
  },
  "Gwalior": {
    "x": 212,
    "y": 235,
    "Lat": 26.215,
    "Long": 78.193055555556
  },
  "Hisar": {
    "x": 165,
    "y": 162,
    "Lat": 29.148888888889,
    "Long": 75.736666666667
  },
  "Hyderabad": {
    "x": 249,
    "y": 427,
    "Lat": 17.3616666666667,
    "Long": 78.4747222222222
  },
  "Imphal": {
    "x": 450,
    "y": 332,
    "Lat": 24.82,
    "Long": 93.95
  },
  "Indore": {
    "x": 191,
    "y": 301,
    "Lat": 22.720555555556,
    "Long": 75.847222222222
  },
  "Jabalpur": {
    "x": 249,
    "y": 308,
    "Lat": 23.166666666667,
    "Long": 79.933333333333
  },
  "Jagdalpur": {
    "x": 295,
    "y": 406,
    "Lat": 19.07,
    "Long": 82.03
  },
  "Jaipur": {
    "x": 175,
    "y": 210,
    "Lat": 26.916666666667,
    "Long": 75.866666666667
  },
  "Jaisalmer": {
    "x": 102,
    "y": 189,
    "Lat": 26.916666666667,
    "Long": 70.916666666667
  },
  "Jamnagar": {
    "x": 106,
    "y": 282,
    "Lat": 22.47,
    "Long": 70.07
  },
  "Jodhpur": {
    "x": 136,
    "y": 212,
    "Lat": 26.2944444444444,
    "Long": 73.0277777777778
  },
  "Jorhat": {
    "x": 447,
    "y": 291,
    "Lat": 26.75751,
    "Long": 94.20306
  },
  "Kolkata": {
    "x": 376,
    "y": 357,
    "Lat": 22.5726723,
    "Long": 88.3638815
  },
  "Kota": {
    "x": 181,
    "y": 248,
    "Lat": 25.18,
    "Long": 75.83
  },
  "Kurnool": {
    "x": 248,
    "y": 459,
    "Lat": 15.822222222222,
    "Long": 78.035
  },
  "Lucknow": {
    "x": 251,
    "y": 233,
    "Lat": 26.847,
    "Long": 80.947
  },
  "Mangalore": {
    "x": 212,
    "y": 509,
    "Lat": 12.8680555555556,
    "Long": 74.8425
  },
  "Mumbai": {
    "x": 160,
    "y": 367,
    "Lat": 19.0758333333333,
    "Long": 72.8775
  },
  "Nagpur": {
    "x": 244,
    "y": 348,
    "Lat": 21.1497222222222,
    "Long": 79.0805555555555
  },
  "Nellore": {
    "x": 282,
    "y": 497,
    "Lat": 14.433333333333,
    "Long": 79.966666666667
  },
  "New Delhi": {
    "x": 189,
    "y": 179,
    "Lat": 28.6138954,
    "Long": 77.2090057
  },
  "Panaji": {
    "x": 187,
    "y": 448,
    "Lat": 15.48,
    "Long": 73.83
  },
  "Patna": {
    "x": 317,
    "y": 278,
    "Lat": 25.61,
    "Long": 85.141388888889
  },
  "Prayagraj": {
    "x": 269,
    "y": 267,
    "Lat": 25.45,
    "Long": 81.85
  },
  "Pune": {
    "x": 177,
    "y": 383,
    "Lat": 18.519574,
    "Long": 73.855287
  },
  "Raipur": {
    "x": 282,
    "y": 357,
    "Lat": 21.2379468,
    "Long": 81.6336833
  },
  "Rajkot": {
    "x": 118,
    "y": 289,
    "Lat": 22.296908333333,
    "Long": 70.798363888889
  },
  "Ramagundam": {
    "x": 258,
    "y": 401,
    "Lat": 18.8,
    "Long": 79.45
  },
  "Ranchi": {
    "x": 328,
    "y": 327,
    "Lat": 23.355555555556,
    "Long": 85.334722222222
  },
  "Ratnagiri": {
    "x": 174,
    "y": 414,
    "Lat": 16.983333333333,
    "Long": 73.3
  },
  "Raxaul": {
    "x": 308,
    "y": 247,
    "Lat": 26.9833,
    "Long": 84.85
  },
  "Shillong": {
    "x": 417,
    "y": 307,
    "Lat": 25.574444444444,
    "Long": 91.878888888889
  },
  "Solapur": {
    "x": 210,
    "y": 410,
    "Lat": 17.67152,
    "Long": 75.91044
  },
  "Sundar Nagar": {
    "x": 173,
    "y": 115,
    "Lat": 31.53,
    "Long": 76.88
  },
  "Surat": {
    "x": 152,
    "y": 321,
    "Lat": 21.205,
    "Long": 72.84
  },
  "Tezpur": {
    "x": 427,
    "y": 288,
    "Lat": 26.62,
    "Long": 92.79
  },
  "Thiruvananthapuram": {
    "x": 259,
    "y": 613,
    "Lat": 8.4875,
    "Long": 76.9525
  },
  "Tiruchirappalli": {
    "x": 276,
    "y": 569,
    "Lat": 10.826944444444,
    "Long": 78.692777777778
  },
  "Veraval": {
    "x": 116,
    "y": 317,
    "Lat": 20.9,
    "Long": 70.37
  },
  "Visakhapatnam": {
    "x": 319,
    "y": 440,
    "Lat": 17.7333333333333,
    "Long": 83.3166666666667
  }
}